{"cameraMode":{"drawMode":0,"name":"Shaded","section":"Shading Mode"},"sceneLighting":true,"audioPlay":false,"sceneViewState":{"showFog":true,"showMaterialUpdate":false,"showSkybox":true,"showFlares":true,"showImageEffects":true,"showParticleSystems":true},"in2DMode":false,"pivot":{"x":-0.1631450653076172,"y":2.4706640243530275,"z":9.084284782409668},"rotation":{"x":-0.14575843513011933,"y":-0.11635568737983704,"z":0.017265452072024347,"w":-0.9823030233383179},"size":22.558300018310548,"orthographic":false}