{"cameraMode":{"drawMode":0,"name":"Shaded","section":"Shading Mode"},"sceneLighting":false,"audioPlay":false,"sceneViewState":{"showFog":true,"showMaterialUpdate":false,"showSkybox":false,"showFlares":true,"showImageEffects":true,"showParticleSystems":true},"in2DMode":false,"pivot":{"x":11.36971664428711,"y":7.094278335571289,"z":7.717578887939453},"rotation":{"x":-0.10785704106092453,"y":-0.28451836109161379,"z":0.03223321959376335,"w":-0.9520390629768372},"size":1.8397414684295655,"orthographic":false}