{"cameraMode":{"drawMode":0,"name":"Shaded","section":"Shading Mode"},"sceneLighting":true,"audioPlay":false,"sceneViewState":{"showFog":true,"showMaterialUpdate":false,"showSkybox":true,"showFlares":true,"showImageEffects":true,"showParticleSystems":true},"in2DMode":false,"pivot":{"x":5.520791053771973,"y":-11.848517417907715,"z":10.121662139892579},"rotation":{"x":-0.0347638763487339,"y":-0.044675473123788837,"z":0.0016666542505845428,"w":-0.9984362125396729},"size":24.107934951782228,"orthographic":false}