{"cameraMode":{"drawMode":0,"name":"Shaded","section":"Shading Mode"},"sceneLighting":false,"audioPlay":false,"sceneViewState":{"showFog":true,"showMaterialUpdate":false,"showSkybox":false,"showFlares":true,"showImageEffects":true,"showParticleSystems":true},"in2DMode":false,"pivot":{"x":11.36971664428711,"y":7.094278335571289,"z":7.717578887939453},"rotation":{"x":-0.14575843513011933,"y":-0.11635568737983704,"z":0.017265452072024347,"w":-0.9823030233383179},"size":0.33974146842956545,"orthographic":false}