{"cameraMode":{"drawMode":0,"name":"Shaded","section":"Shading Mode"},"sceneLighting":true,"audioPlay":false,"sceneViewState":{"showFog":true,"showMaterialUpdate":false,"showSkybox":true,"showFlares":true,"showImageEffects":true,"showParticleSystems":true},"in2DMode":false,"pivot":{"x":-5.619200706481934,"y":7.494260787963867,"z":2.492399215698242},"rotation":{"x":0.036922503262758258,"y":0.21595041453838349,"z":-0.008107822388410569,"w":0.9757205247879028},"size":9.70068073272705,"orthographic":false}