{"cameraMode":{"drawMode":0,"name":"Shaded","section":"Shading Mode"},"sceneLighting":false,"audioPlay":false,"sceneViewState":{"showFog":true,"showMaterialUpdate":true,"showSkybox":true,"showFlares":true,"showImageEffects":true,"showParticleSystems":true},"in2DMode":false,"pivot":{"x":-1.0800631046295167,"y":1.7509750127792359,"z":1.4213650226593018},"rotation":{"x":-0.22896216809749604,"y":0.15378975868225099,"z":-0.03660359978675842,"w":-0.9605129957199097},"size":6.457111835479736,"orthographic":false}