{"cameraMode":{"drawMode":0,"name":"Shaded","section":"Shading Mode"},"sceneLighting":false,"audioPlay":false,"sceneViewState":{"showFog":true,"showMaterialUpdate":false,"showSkybox":false,"showFlares":true,"showImageEffects":true,"showParticleSystems":true},"in2DMode":false,"pivot":{"x":-16.160104751586915,"y":0.6795501708984375,"z":34.03823471069336},"rotation":{"x":-0.08569019287824631,"y":0.02002151682972908,"z":-0.0017226855270564557,"w":-0.9961192011833191},"size":60.17444610595703,"orthographic":false}